{
  "$comment" : "A concept class, representing Warehouse_xnt.",
  "name" : "Warehouse_xnt",
  "commonName" : "Warehouse",
  "description" : "Storage facility for goods. Subclass of Location.",
  "namespace" : "urn:ontns:optcore",
  "annotation" : null,
  "type" : "ONTOLOGY_CLASS",
  "extension" : "Location_xnt",
  "properties" : [ {
    "name" : "storage_type_xnt",
    "commonName" : "Storage Type",
    "description" : "Type of storage. Example  Dry or Refrigerated.",
    "namespace" : "urn:ontns:optcore",
    "annotation" : null,
    "valueFormat" : "STRING",
    "type" : "SINGLE_VALUE",
    "enumerated" : false,
    "unique" : false,
    "durableIdentifier" : false
  }, {
    "name" : "operational_hours_xnt",
    "commonName" : "Operational Hours",
    "description" : "Operating hours of the warehouse.",
    "namespace" : "urn:ontns:optcore",
    "annotation" : null,
    "valueFormat" : "STRING",
    "type" : "SINGLE_VALUE",
    "enumerated" : false,
    "unique" : false,
    "durableIdentifier" : false
  } ],
  "classRelationships" : [ ]
}