{
  "$comment" : "A concept class, representing Ship_xnt.",
  "name" : "Ship_xnt",
  "commonName" : "Ship",
  "description" : "Specific sea transport. Subclass of Vehicle.",
  "namespace" : "urn:ontns:optcore",
  "annotation" : null,
  "type" : "ONTOLOGY_CLASS",
  "extension" : "Vehicle_xnt",
  "properties" : [ {
    "name" : "container_capacity_xnt",
    "commonName" : "Container Capacity",
    "description" : "Maximum number of containers the ship carries.",
    "namespace" : "urn:ontns:optcore",
    "annotation" : null,
    "valueFormat" : "NUMBER_CARDINAL",
    "type" : "SINGLE_VALUE",
    "enumerated" : false,
    "unique" : false,
    "durableIdentifier" : false
  }, {
    "name" : "port_of_registry_xnt",
    "commonName" : "Registry Port",
    "description" : "Home port where the ship is registered.",
    "namespace" : "urn:ontns:optcore",
    "annotation" : null,
    "valueFormat" : "STRING",
    "type" : "SINGLE_VALUE",
    "enumerated" : false,
    "unique" : false,
    "durableIdentifier" : false
  } ],
  "classRelationships" : [ ]
}