{
  "$comment" : "A concept class, representing Truck_xnt.",
  "name" : "Truck_xnt",
  "commonName" : "Truck",
  "description" : "Specific land transport. Subclass of Vehicle.",
  "namespace" : "urn:ontns:optcore",
  "annotation" : null,
  "type" : "ONTOLOGY_CLASS",
  "extension" : "Vehicle_xnt",
  "properties" : [ {
    "name" : "max_load_weight_xnt",
    "commonName" : "Max Load",
    "description" : "Maximum load weight in tons for the truck.",
    "namespace" : "urn:ontns:optcore",
    "annotation" : null,
    "valueFormat" : "NUMBER_CARDINAL",
    "type" : "SINGLE_VALUE",
    "enumerated" : false,
    "unique" : false,
    "durableIdentifier" : false
  }, {
    "name" : "driver_assigned_xnt",
    "commonName" : "Assigned Driver",
    "description" : "Driver assigned to operate the truck.",
    "namespace" : "urn:ontns:optcore",
    "annotation" : null,
    "valueFormat" : "STRING",
    "type" : "SINGLE_VALUE",
    "enumerated" : false,
    "unique" : false,
    "durableIdentifier" : false
  } ],
  "classRelationships" : [ ]
}