{
  "$comment" : "A concept class, representing Vehicle_xnt.",
  "name" : "Vehicle_xnt",
  "commonName" : "Vehicle",
  "description" : "A mode of transport. Example truck or ship.",
  "namespace" : "urn:ontns:optcore",
  "annotation" : null,
  "type" : "ONTOLOGY_CLASS",
  "extension" : "AbstractOntologyClass",
  "properties" : [ {
    "name" : "vehicle_id_xnt",
    "commonName" : "Vehicle ID",
    "description" : "Unique identifier for the vehicle.",
    "namespace" : "urn:ontns:optcore",
    "annotation" : null,
    "valueFormat" : "STRING",
    "type" : "SINGLE_VALUE",
    "enumerated" : false,
    "unique" : false,
    "durableIdentifier" : false
  }, {
    "name" : "vehicle_capacity_xnt",
    "commonName" : "Vehicle Capacity",
    "description" : "Maximum number of packages the vehicle carries.",
    "namespace" : "urn:ontns:optcore",
    "annotation" : null,
    "valueFormat" : "NUMBER_CARDINAL",
    "type" : "SINGLE_VALUE",
    "enumerated" : false,
    "unique" : false,
    "durableIdentifier" : false
  }, {
    "name" : "fuel_type_xnt",
    "commonName" : "Fuel Type",
    "description" : "Fuel type used by the vehicle. Example Diesel.",
    "namespace" : "urn:ontns:optcore",
    "annotation" : null,
    "valueFormat" : "STRING",
    "type" : "SINGLE_VALUE",
    "enumerated" : false,
    "unique" : false,
    "durableIdentifier" : false
  }, {
    "name" : "maintenance_due_xnt",
    "commonName" : "Maintenance Due",
    "description" : "Next scheduled maintenance date for the vehicle.",
    "namespace" : "urn:ontns:optcore",
    "annotation" : null,
    "valueFormat" : "TIME_ABSOLUTE_MILLIS",
    "type" : "SINGLE_VALUE",
    "enumerated" : false,
    "unique" : false,
    "durableIdentifier" : false
  } ],
  "classRelationships" : [ {
    "relationshipClassName" : "Operates_On_xnt",
    "sourceClassName" : "Vehicle_xnt",
    "targetClassName" : "Route_xnt",
    "relMinOccurs" : 0,
    "relMaxOccurs" : 32767
  } ]
}