{
  "$comment" : "A concept class, representing Port_xnt.",
  "name" : "Port_xnt",
  "commonName" : "Port",
  "description" : "A hub for loading and unloading shipments. Example seaport or airport.  Subclass of Location.",
  "namespace" : "urn:ontns:optcore",
  "annotation" : null,
  "type" : "ONTOLOGY_CLASS",
  "extension" : "Location_xnt",
  "properties" : [ {
    "name" : "port_type_xnt",
    "commonName" : "Port Type",
    "description" : "Type of port. Example Seaport Airport.",
    "namespace" : "urn:ontns:optcore",
    "annotation" : null,
    "valueFormat" : "STRING",
    "type" : "SINGLE_VALUE",
    "enumerated" : false,
    "unique" : false,
    "durableIdentifier" : false
  }, {
    "name" : "customs_clearance_time_xnt",
    "commonName" : "Clearance Time",
    "description" : "Average customs clearance time in hours.",
    "namespace" : "urn:ontns:optcore",
    "annotation" : null,
    "valueFormat" : "NUMBER_CARDINAL",
    "type" : "SINGLE_VALUE",
    "enumerated" : false,
    "unique" : false,
    "durableIdentifier" : false
  } ],
  "classRelationships" : [ ]
}