{
  "$comment" : "A concept class, representing Route_xnt.",
  "name" : "Route_xnt",
  "commonName" : "Route",
  "description" : "The path a shipment takes between locations.",
  "namespace" : "urn:ontns:optcore",
  "annotation" : null,
  "type" : "ONTOLOGY_CLASS",
  "extension" : "AbstractOntologyClass",
  "properties" : [ {
    "name" : "route_id_xnt",
    "commonName" : "Route ID",
    "description" : "Unique identifier for the route.",
    "namespace" : "urn:ontns:optcore",
    "annotation" : null,
    "valueFormat" : "STRING",
    "type" : "SINGLE_VALUE",
    "enumerated" : false,
    "unique" : false,
    "durableIdentifier" : false
  }, {
    "name" : "route_distance_xnt",
    "commonName" : "Route Distance",
    "description" : "Distance of the route in kilometers.",
    "namespace" : "urn:ontns:optcore",
    "annotation" : null,
    "valueFormat" : "NUMBER_CARDINAL",
    "type" : "SINGLE_VALUE",
    "enumerated" : false,
    "unique" : false,
    "durableIdentifier" : false
  }, {
    "name" : "estimated_transit_time_xnt",
    "commonName" : "Transit Time",
    "description" : "Estimated transit time of the route in hours.",
    "namespace" : "urn:ontns:optcore",
    "annotation" : null,
    "valueFormat" : "NUMBER_CARDINAL",
    "type" : "SINGLE_VALUE",
    "enumerated" : false,
    "unique" : false,
    "durableIdentifier" : false
  }, {
    "name" : "route_type_xnt",
    "commonName" : "Route Type",
    "description" : "Transport mode of the route. Land or Sea.",
    "namespace" : "urn:ontns:optcore",
    "annotation" : null,
    "valueFormat" : "STRING",
    "type" : "SINGLE_VALUE",
    "enumerated" : false,
    "unique" : false,
    "durableIdentifier" : false
  } ],
  "classRelationships" : [ {
    "relationshipClassName" : "Has_Origin_xnt",
    "sourceClassName" : "Route_xnt",
    "targetClassName" : "Location_xnt",
    "relMinOccurs" : 1,
    "relMaxOccurs" : 1
  }, {
    "relationshipClassName" : "Has_Destination_xnt",
    "sourceClassName" : "Route_xnt",
    "targetClassName" : "Location_xnt",
    "relMinOccurs" : 1,
    "relMaxOccurs" : 1
  } ]
}