{
  "$comment" : "A concept class, representing Location_xnt.",
  "name" : "Location_xnt",
  "commonName" : "Location",
  "description" : "A geographic point. Example city or warehouse address.",
  "namespace" : "urn:ontns:optcore",
  "annotation" : null,
  "type" : "ONTOLOGY_CLASS",
  "extension" : "AbstractOntologyClass",
  "properties" : [ {
    "name" : "location_id_xnt",
    "commonName" : "Location ID",
    "description" : "Unique identifier for the location.",
    "namespace" : "urn:ontns:optcore",
    "annotation" : null,
    "valueFormat" : "STRING",
    "type" : "SINGLE_VALUE",
    "enumerated" : false,
    "unique" : false,
    "durableIdentifier" : false
  }, {
    "name" : "location_name_xnt",
    "commonName" : "Location Name",
    "description" : "Name of the geographic location or facility.",
    "namespace" : "urn:ontns:optcore",
    "annotation" : null,
    "valueFormat" : "STRING",
    "type" : "SINGLE_VALUE",
    "enumerated" : false,
    "unique" : false,
    "durableIdentifier" : false
  }, {
    "name" : "coordinates_xnt",
    "commonName" : "GPS Coordinates",
    "description" : "Geographic coordinates of the location. Latitude and longitude.",
    "namespace" : "urn:ontns:optcore",
    "annotation" : null,
    "valueFormat" : "STRING",
    "type" : "SINGLE_VALUE",
    "enumerated" : false,
    "unique" : false,
    "durableIdentifier" : false
  }, {
    "name" : "capacity_limit_xnt",
    "commonName" : "Capacity Limit",
    "description" : "Maximum storage or processing capacity of location.",
    "namespace" : "urn:ontns:optcore",
    "annotation" : null,
    "valueFormat" : "NUMBER_CARDINAL",
    "type" : "SINGLE_VALUE",
    "enumerated" : false,
    "unique" : false,
    "durableIdentifier" : false
  } ],
  "classRelationships" : [ ]
}