{
  "$comment" : "A concept class, representing Supplier_xnt.",
  "name" : "Supplier_xnt",
  "commonName" : "Supplier",
  "description" : "Entity providing goods.",
  "namespace" : "urn:ontns:optcore",
  "annotation" : null,
  "type" : "ONTOLOGY_CLASS",
  "extension" : "AbstractOntologyClass",
  "properties" : [ {
    "name" : "supplier_id_xnt",
    "commonName" : "Supplier ID",
    "description" : "Unique identifier for the supplier.",
    "namespace" : "urn:ontns:optcore",
    "annotation" : null,
    "valueFormat" : "STRING",
    "type" : "SINGLE_VALUE",
    "enumerated" : false,
    "unique" : false,
    "durableIdentifier" : false
  }, {
    "name" : "supplier_name_xnt",
    "commonName" : "Supplier Name",
    "description" : "Name of the supplier.",
    "namespace" : "urn:ontns:optcore",
    "annotation" : null,
    "valueFormat" : "STRING",
    "type" : "SINGLE_VALUE",
    "enumerated" : false,
    "unique" : false,
    "durableIdentifier" : false
  }, {
    "name" : "reliability_score_xnt",
    "commonName" : "Reliability Score",
    "description" : "Reliability rating of the supplier. Example 4.8",
    "namespace" : "urn:ontns:optcore",
    "annotation" : null,
    "valueFormat" : "NUMBER_CARDINAL",
    "type" : "SINGLE_VALUE",
    "enumerated" : false,
    "unique" : false,
    "durableIdentifier" : false
  } ],
  "classRelationships" : [ {
    "relationshipClassName" : "Supplies_xnt",
    "sourceClassName" : "Supplier_xnt",
    "targetClassName" : "Inventory_Item_xnt",
    "relMinOccurs" : 1,
    "relMaxOccurs" : 32767
  } ]
}