{
  "$comment" : "A concept class, representing Order_xnt.",
  "name" : "Order_xnt",
  "commonName" : "Order",
  "description" : "A request for goods from supplier to customer.",
  "namespace" : "urn:ontns:optcore",
  "annotation" : null,
  "type" : "ONTOLOGY_CLASS",
  "extension" : "AbstractOntologyClass",
  "properties" : [ {
    "name" : "order_id_xnt",
    "commonName" : "Order ID",
    "description" : "Unique identifier for the order.",
    "namespace" : "urn:ontns:optcore",
    "annotation" : null,
    "valueFormat" : "STRING",
    "type" : "SINGLE_VALUE",
    "enumerated" : false,
    "unique" : false,
    "durableIdentifier" : false
  }, {
    "name" : "order_date_xnt",
    "commonName" : "Order Date",
    "description" : "Date and time the order was placed.",
    "namespace" : "urn:ontns:optcore",
    "annotation" : null,
    "valueFormat" : "TIME_ABSOLUTE_MILLIS",
    "type" : "SINGLE_VALUE",
    "enumerated" : false,
    "unique" : false,
    "durableIdentifier" : false
  }, {
    "name" : "order_quantity_xnt",
    "commonName" : "Order Quantity",
    "description" : "Number of items ordered.",
    "namespace" : "urn:ontns:optcore",
    "annotation" : null,
    "valueFormat" : "NUMBER_CARDINAL",
    "type" : "SINGLE_VALUE",
    "enumerated" : false,
    "unique" : false,
    "durableIdentifier" : false
  }, {
    "name" : "order_status_xnt",
    "commonName" : "Order Status",
    "description" : "Current status of the order. Example Pending.",
    "namespace" : "urn:ontns:optcore",
    "annotation" : null,
    "valueFormat" : "STRING",
    "type" : "SINGLE_VALUE",
    "enumerated" : false,
    "unique" : false,
    "durableIdentifier" : false
  } ],
  "classRelationships" : [ {
    "relationshipClassName" : "Generates_xnt",
    "sourceClassName" : "Order_xnt",
    "targetClassName" : "Shipment_xnt",
    "relMinOccurs" : 1,
    "relMaxOccurs" : 1
  } ]
}