{
  "$comment" : "A concept class, representing Customer_xnt.",
  "name" : "Customer_xnt",
  "commonName" : "Customer",
  "description" : "Entity receiving goods.",
  "namespace" : "urn:ontns:optcore",
  "annotation" : null,
  "type" : "ONTOLOGY_CLASS",
  "extension" : "AbstractOntologyClass",
  "properties" : [ {
    "name" : "customer_id_xnt",
    "commonName" : "Customer ID",
    "description" : "Unique identifier for the customer.",
    "namespace" : "urn:ontns:optcore",
    "annotation" : null,
    "valueFormat" : "STRING",
    "type" : "SINGLE_VALUE",
    "enumerated" : false,
    "unique" : false,
    "durableIdentifier" : false
  }, {
    "name" : "customer_priority_xnt",
    "commonName" : "Customer Priority",
    "description" : "Priority level of the customer. Example  High Medium.",
    "namespace" : "urn:ontns:optcore",
    "annotation" : null,
    "valueFormat" : "STRING",
    "type" : "SINGLE_VALUE",
    "enumerated" : false,
    "unique" : false,
    "durableIdentifier" : false
  }, {
    "name" : "contact_email_xnt",
    "commonName" : "Contact Email",
    "description" : "Customers contact email address.",
    "namespace" : "urn:ontns:optcore",
    "annotation" : null,
    "valueFormat" : "STRING",
    "type" : "SINGLE_VALUE",
    "enumerated" : false,
    "unique" : false,
    "durableIdentifier" : false
  } ],
  "classRelationships" : [ {
    "relationshipClassName" : "Triggers_Order_xnt",
    "sourceClassName" : "Customer_xnt",
    "targetClassName" : "Order_xnt",
    "relMinOccurs" : 1,
    "relMaxOccurs" : 32767
  } ]
}