{
  "$comment" : "A concept class, representing Delivery_Schedule_xnt.",
  "name" : "Delivery_Schedule_xnt",
  "commonName" : "Delivery Schedule",
  "description" : "Planned timeline for shipment delivery.",
  "namespace" : "urn:ontns:optcore",
  "annotation" : null,
  "type" : "ONTOLOGY_CLASS",
  "extension" : "AbstractOntologyClass",
  "properties" : [ {
    "name" : "schedule_id_xnt",
    "commonName" : "Schedule ID",
    "description" : "Unique identifier for the delivery schedule.",
    "namespace" : "urn:ontns:optcore",
    "annotation" : null,
    "valueFormat" : "STRING",
    "type" : "SINGLE_VALUE",
    "enumerated" : false,
    "unique" : false,
    "durableIdentifier" : false
  }, {
    "name" : "deliver_date_xnt",
    "commonName" : "Delivery Date",
    "description" : "Scheduled date and time for delivery.",
    "namespace" : "urn:ontns:optcore",
    "annotation" : null,
    "valueFormat" : "TIME_ABSOLUTE_MILLIS",
    "type" : "SINGLE_VALUE",
    "enumerated" : false,
    "unique" : false,
    "durableIdentifier" : false
  }, {
    "name" : "priority_level_xnt",
    "commonName" : "Priority Level",
    "description" : "Priority of the delivery schedule. Example Urgent.",
    "namespace" : "urn:ontns:optcore",
    "annotation" : null,
    "valueFormat" : "STRING",
    "type" : "SINGLE_VALUE",
    "enumerated" : false,
    "unique" : false,
    "durableIdentifier" : false
  }, {
    "name" : "backup_delivery_date_xnt",
    "commonName" : "Backup Date",
    "description" : "Fallback delivery date for contingency planning.",
    "namespace" : "urn:ontns:optcore",
    "annotation" : null,
    "valueFormat" : "TIME_ABSOLUTE_MILLIS",
    "type" : "SINGLE_VALUE",
    "enumerated" : false,
    "unique" : false,
    "durableIdentifier" : false
  } ],
  "classRelationships" : [ ]
}