{
  "$comment" : "A concept class, representing Disruption_Event_xnt.",
  "name" : "Disruption_Event_xnt",
  "commonName" : "Disruption Event",
  "description" : "An event causing delays or issues. Example  weather or strike.",
  "namespace" : "urn:ontns:optcore",
  "annotation" : null,
  "type" : "ONTOLOGY_CLASS",
  "extension" : "AbstractOntologyClass",
  "properties" : [ {
    "name" : "event_id_xnt",
    "commonName" : "Event ID",
    "description" : "Unique identifier for the disruption event.",
    "namespace" : "urn:ontns:optcore",
    "annotation" : null,
    "valueFormat" : "STRING",
    "type" : "SINGLE_VALUE",
    "enumerated" : false,
    "unique" : false,
    "durableIdentifier" : false
  }, {
    "name" : "delay_duration_xnt",
    "commonName" : "Delay Duration",
    "description" : "Duration of delay caused by event in hours.",
    "namespace" : "urn:ontns:optcore",
    "annotation" : null,
    "valueFormat" : "NUMBER_CARDINAL",
    "type" : "SINGLE_VALUE",
    "enumerated" : false,
    "unique" : false,
    "durableIdentifier" : false
  }, {
    "name" : "event_type_xnt",
    "commonName" : "Event Type",
    "description" : "Type of disruption. Example Storm Strike.",
    "namespace" : "urn:ontns:optcore",
    "annotation" : null,
    "valueFormat" : "STRING",
    "type" : "SINGLE_VALUE",
    "enumerated" : false,
    "unique" : false,
    "durableIdentifier" : false
  }, {
    "name" : "event_start_time_xnt",
    "commonName" : "Start Time",
    "description" : "Start time of the disruption event.",
    "namespace" : "urn:ontns:optcore",
    "annotation" : null,
    "valueFormat" : "TIME_ABSOLUTE_MILLIS",
    "type" : "SINGLE_VALUE",
    "enumerated" : false,
    "unique" : false,
    "durableIdentifier" : false
  } ],
  "classRelationships" : [ {
    "relationshipClassName" : "Causes_Delay_xnt",
    "sourceClassName" : "Disruption_Event_xnt",
    "targetClassName" : "Shipment_xnt",
    "relMinOccurs" : 0,
    "relMaxOccurs" : 32767
  }, {
    "relationshipClassName" : "Affects_Schedule_xnt",
    "sourceClassName" : "Disruption_Event_xnt",
    "targetClassName" : "Delivery_Schedule_xnt",
    "relMinOccurs" : 0,
    "relMaxOccurs" : 32767
  } ]
}