{
  "$comment" : "A concept class, representing Package_xnt.",
  "name" : "Package_xnt",
  "commonName" : "Package",
  "description" : "Individual items within a shipment. Example boxes or pallets.",
  "namespace" : "urn:ontns:optcore",
  "annotation" : null,
  "type" : "ONTOLOGY_CLASS",
  "extension" : "AbstractOntologyClass",
  "properties" : [ {
    "name" : "package_id_xnt",
    "commonName" : "Package ID",
    "description" : "Unique identifier for the package.",
    "namespace" : "urn:ontns:optcore",
    "annotation" : null,
    "valueFormat" : "STRING",
    "type" : "SINGLE_VALUE",
    "enumerated" : false,
    "unique" : false,
    "durableIdentifier" : false
  }, {
    "name" : "package_weight_xnt",
    "commonName" : "Package Weight",
    "description" : "Weight of the package in kilograms.",
    "namespace" : "urn:ontns:optcore",
    "annotation" : null,
    "valueFormat" : "NUMBER_CARDINAL",
    "type" : "SINGLE_VALUE",
    "enumerated" : false,
    "unique" : false,
    "durableIdentifier" : false
  }, {
    "name" : "package_type_xnt",
    "commonName" : "Package Type",
    "description" : "Type of package. Example Box, Pallet.",
    "namespace" : "urn:ontns:optcore",
    "annotation" : null,
    "valueFormat" : "STRING",
    "type" : "SINGLE_VALUE",
    "enumerated" : false,
    "unique" : false,
    "durableIdentifier" : false
  }, {
    "name" : "fragility_level_xnt",
    "commonName" : "Fragility Level",
    "description" : "Fragility rating of the package. Example High.",
    "namespace" : "urn:ontns:optcore",
    "annotation" : null,
    "valueFormat" : "STRING",
    "type" : "SINGLE_VALUE",
    "enumerated" : false,
    "unique" : false,
    "durableIdentifier" : false
  } ],
  "classRelationships" : [ {
    "relationshipClassName" : "Stored_At_xnt",
    "sourceClassName" : "Package_xnt",
    "targetClassName" : "Warehouse_xnt",
    "relMinOccurs" : 0,
    "relMaxOccurs" : 1
  }, {
    "relationshipClassName" : "Consists_Of_xnt",
    "sourceClassName" : "Package_xnt",
    "targetClassName" : "Inventory_Item_xnt",
    "relMinOccurs" : 0,
    "relMaxOccurs" : 32767
  } ]
}