{
  "$comment" : "A concept class, representing Inventory_Item_xnt.",
  "name" : "Inventory_Item_xnt",
  "commonName" : "Inventory Item",
  "description" : "Specific stock in a warehouse or store.",
  "namespace" : "urn:ontns:optcore",
  "annotation" : null,
  "type" : "ONTOLOGY_CLASS",
  "extension" : "AbstractOntologyClass",
  "properties" : [ {
    "name" : "item_id_xnt",
    "commonName" : "Item ID",
    "description" : "Unique identifier for the inventory item.",
    "namespace" : "urn:ontns:optcore",
    "annotation" : null,
    "valueFormat" : "STRING",
    "type" : "SINGLE_VALUE",
    "enumerated" : false,
    "unique" : false,
    "durableIdentifier" : false
  }, {
    "name" : "inventory_level_xnt",
    "commonName" : "Inventory Level",
    "description" : "Current stock quantity of the item.",
    "namespace" : "urn:ontns:optcore",
    "annotation" : null,
    "valueFormat" : "NUMBER_CARDINAL",
    "type" : "SINGLE_VALUE",
    "enumerated" : false,
    "unique" : false,
    "durableIdentifier" : false
  }, {
    "name" : "unit_price_xnt",
    "commonName" : "Unit Price",
    "description" : "Price per unit in USD.",
    "namespace" : "urn:ontns:optcore",
    "annotation" : null,
    "valueFormat" : "NUMBER_CARDINAL",
    "type" : "SINGLE_VALUE",
    "enumerated" : false,
    "unique" : false,
    "durableIdentifier" : false
  }, {
    "name" : "product_category_xnt",
    "commonName" : "Product Category",
    "description" : "Category of the item. Example",
    "namespace" : "urn:ontns:optcore",
    "annotation" : null,
    "valueFormat" : "STRING",
    "type" : "SINGLE_VALUE",
    "enumerated" : false,
    "unique" : false,
    "durableIdentifier" : false
  } ],
  "classRelationships" : [ ]
}