{
  "$comment" : "A concept class, representing Shipment_xnt.",
  "name" : "Shipment_xnt",
  "commonName" : "Shipment",
  "description" : "A package or cargo being transported.",
  "namespace" : "urn:ontns:optcore",
  "annotation" : null,
  "type" : "ONTOLOGY_CLASS",
  "extension" : "AbstractOntologyClass",
  "properties" : [ {
    "name" : "shipment_id_xnt",
    "commonName" : "Shipment ID",
    "description" : "Unique identifier for the shipment.",
    "namespace" : "urn:ontns:optcore",
    "annotation" : null,
    "valueFormat" : "STRING",
    "type" : "SINGLE_VALUE",
    "enumerated" : false,
    "unique" : false,
    "durableIdentifier" : false
  }, {
    "name" : "delivery_date_xnt",
    "commonName" : "Delivery Date",
    "description" : "Scheduled delivery time of the shipment.",
    "namespace" : "urn:ontns:optcore",
    "annotation" : null,
    "valueFormat" : "TIME_ABSOLUTE_MILLIS",
    "type" : "SINGLE_VALUE",
    "enumerated" : false,
    "unique" : false,
    "durableIdentifier" : false
  }, {
    "name" : "shipment_status_xnt",
    "commonName" : "Shipment Status",
    "description" : "Current state of the shipment. Example In Transit.",
    "namespace" : "urn:ontns:optcore",
    "annotation" : null,
    "valueFormat" : "STRING",
    "type" : "SINGLE_VALUE",
    "enumerated" : false,
    "unique" : false,
    "durableIdentifier" : false
  }, {
    "name" : "transport_cost_xnt",
    "commonName" : "Transport Cost",
    "description" : "Cost of transporting the shipment in USD.",
    "namespace" : "urn:ontns:optcore",
    "annotation" : null,
    "valueFormat" : "NUMBER_CARDINAL",
    "type" : "SINGLE_VALUE",
    "enumerated" : false,
    "unique" : false,
    "durableIdentifier" : false
  } ],
  "classRelationships" : [ {
    "relationshipClassName" : "Transported_By_xnt",
    "sourceClassName" : "Shipment_xnt",
    "targetClassName" : "Vehicle_xnt",
    "relMinOccurs" : 1,
    "relMaxOccurs" : 1
  }, {
    "relationshipClassName" : "Follows_Route_xnt",
    "sourceClassName" : "Shipment_xnt",
    "targetClassName" : "Route_xnt",
    "relMinOccurs" : 0,
    "relMaxOccurs" : 1
  }, {
    "relationshipClassName" : "Contains_xnt",
    "sourceClassName" : "Shipment_xnt",
    "targetClassName" : "Package_xnt",
    "relMinOccurs" : 1,
    "relMaxOccurs" : 32767
  } ]
}